Title,Company,Posted,Link
"Senior Quality Control Engineer","M Venkat Rao Infra Projects","Just now","https://www.naukri.com/job-listings-senior-quality-control-engineer-m-venkat-rao-infra-projects-hyderabad-5-to-10-years-230626018326"
"Software Tester","Bees Software Solutions","Just now","https://www.naukri.com/job-listings-software-tester-bees-software-solutions-pvt-ltd-hyderabad-3-to-5-years-230626915915"
"AR Quality Analyst - AR QA | Hyderabad","Axis Services","Just now","https://www.naukri.com/job-listings-ar-quality-analyst-ar-qa-hyderabad-axis-services-hyderabad-4-to-8-years-230626014353"
"Senior Engineer - QA","TechBlocks","1 day ago","https://www.naukri.com/job-listings-senior-engineer-qa-techblocks-consulting-pvt-ltd-hyderabad-5-to-10-years-220626935699"
"Quality Engineer (Tester, Manual)","Accenture","1 day ago","https://www.naukri.com/job-listings-quality-engineer-tester-manual-accenture-solutions-pvt-ltd-hyderabad-5-to-10-years-220626931572"
"QA/BA Engineer","TechnoIdentity","1 day ago","https://www.naukri.com/job-listings-qa-ba-engineer-technoidentity-hyderabad-2-to-5-years-220626021323"
"Hiring For Medical Coding II Home Health II Hyderabad II Chennai II","Axis Services","1 day ago","https://www.naukri.com/job-listings-hiring-for-medical-coding-ii-home-health-ii-hyderabad-ii-chennai-ii-axis-services-hyderabad-chennai-1-to-5-years-220626014243"
"TEST ENGINEER L3","Wipro","1 day ago","https://www.naukri.com/job-listings-test-engineer-l3-wipro-limited-hyderabad-3-to-5-years-220626912406"
"TEST ENGINEER L3","Wipro","1 day ago","https://www.naukri.com/job-listings-test-engineer-l3-wipro-limited-hyderabad-3-to-5-years-220626911685"
"TEST ENGINEER L3","Wipro","1 day ago","https://www.naukri.com/job-listings-test-engineer-l3-wipro-limited-hyderabad-3-to-5-years-220626910792"
